,pdb,mhcii_allele,peptide,EL
0,4p4k,DPA1*01:03_DPB1*02:01,QAFWIDLFETIG,1
1,4p5k,DPA1*01:03_DPB1*02:01,NKFDTQLFHTITGGS,1
2,4p4r,DPA1*01:03_DPB1*02:01,QAFWIDLFETIG,1
3,3lqz,DPA1*01:03_DPB1*02:01,RKFHYLPFLPSTGGS,1
4,4p5m,DPA1*01:03_DPB1*02:01,QAYDGKDYIALKG,1
5,7t2b,DPA1*01:03_DPB1*04:01,ATGLAWEWWRTVYE,1
6,7t2d,DPA1*01:03_DPB1*04:01,ATGLAWEWWRTVYE,1
7,7t2c,DPA1*01:03_DPB1*04:01,TGLAWEWWRTVY,1
8,7t2a,DPA1*01:03_DPB1*04:01,TGLAWEWWRTVY,1
9,4p57,DPA1*01:03_DPB1*04:02,QAFWIDLFETIGGGSLV,1
10,7zak,DPA1*02:01_DPB1*01:01,KNLEKYKGKFVREID,1
11,7zfr,DPA1*02:01_DPB1*01:01,IEFVFKNKAKEL,1
12,7t6i,DPA1*02:01_DPB1*01:01,PVADAVIHASGKQMWQ,1
13,3wex,DPA1*02:02_DPB1*05:01,KVTVAFNQF,1
14,3pl6,DQA1*01:02_DQB1*05:01,VVHFFKNIVTP,1
15,4-May,DQA1*01:02_DQB1*05:01,LVHFVRDFAQL,1
16,4grl,DQA1*01:02_DQB1*05:01,LMLFAKDVVSR,1
17,7kei,DQA1*01:02_DQB1*06:02,ERNAGSGIIISDGGGGSLVP,1
18,1uvq,DQA1*01:02_DQB1*06:02,MNLPSTKVSWAAVGGGGSLV,1
19,6dig,DQA1*01:02_DQB1*06:02,AGNHAAGILTLGK,1
20,6px6,DQA1*02:01_DQB1*02:01,APFSEQEQPVLG,1
21,6py2,DQA1*02:01_DQB1*02:01,APFSEQEQPVLG,1
22,4d8p,DQA1*03:01_DQB1*02:01,PQPEQPEQPFPQP,1
23,2nna,DQA1*03:01_DQB1*03:02,SGEGSFQPSQENP,1
24,4z7w,DQA1*03:01_DQB1*03:02,PSGEGSFQPSQENPQ,1
25,4z7v,DQA1*03:01_DQB1*03:02,SGEGSFQPSQENP,1
26,4z7u,DQA1*03:01_DQB1*03:02,APSGEGSFQPSQENPQ,1
27,1jk8,DQA1*03:01_DQB1*03:02,LVEALYLVCGERGG,1
28,4gg6,DQA1*03:01_DQB1*03:02,SGEGSFQPSQENP,1
29,5ks9,DQA1*03:01_DQB1*03:02,APSGEGSFQPSQENPQ,1
30,4ozf,DQA1*05:01_DQB1*02:01,APQPELPYPQPGS,1
31,4ozh,DQA1*05:01_DQB1*02:01,APQPELPYPQPGS,1
32,1s9v,DQA1*05:01_DQB1*02:01,LQPFPQPELPY,1
33,7sg2,DQA1*05:01_DQB1*02:01,QPFPQPEQPFPGS,1
34,5ksu,DQA1*05:01_DQB1*02:01,PVSKMRMATPLLMQ,1
35,4ozg,DQA1*05:01_DQB1*02:01,APQPELPYPQPG,1
36,6mff,DQA1*05:01_DQB1*02:01,QPFPQPEQPFP,1
37,7sg1,DQA1*05:01_DQB1*02:01,QPFPQPELPYGSGGS,1
38,6mfg,DQA1*05:01_DQB1*02:01,QPFPQPELPYP,1
39,7sg0,DQA1*05:01_DQB1*02:01,QPFPQPEQPFP,1
40,6xp6,DQA1*05:01_DQB1*02:01,AAPQPELPYPQPG,1
41,4ozi,DQA1*05:01_DQB1*02:01,QPFPQPELPYP,1
42,5ksv,DQA1*05:01_DQB1*02:01,MATPLLMQALPM,1
43,8vsp,DQA1*05:05_DQB1*03:01,VSKMRMATPLLMQ,1
44,5v4n,DRA*01:01_DRB1*01:01,WISLWKGFSFGS,1
45,1dlh,DRA*01:01_DRB1*01:01,PKYVKQNTLKLAT,1
46,8vsj,DRA*01:01_DRB1*01:01,SKMRMATPLLMQ,1
47,4aen,DRA*01:01_DRB1*01:01,KMRMATPLLMQALPM,1
48,1aqd,DRA*01:01_DRB1*01:01,GSDWRFLRGYHQYA,1
49,8pjf,DRA*01:01_DRB1*01:01,PKYVKQNTLKLAR,1
50,1jws,DRA*01:01_DRB1*01:01,PKYVKQNTLKLAT,1
51,3qxa,DRA*01:01_DRB1*01:01,VSKMRMATPLLMQA,1
52,1hxy,DRA*01:01_DRB1*01:01,PKYVKQNTLKLAT,1
53,2xn9,DRA*01:01_DRB1*01:01,PKYVKQNTLKLAT,1
54,1sje,DRA*01:01_DRB1*01:01,PEVIPMFSALSEGAT,1
55,1sjh,DRA*01:01_DRB1*01:01,PEVIPMFSALSEG,1
56,8cmd,DRA*01:01_DRB1*01:01,TQLNRALTGIAVEQD,1
57,2g9h,DRA*01:01_DRB1*01:01,PKYVKQNTLKLAT,1
58,4.00E+41,DRA*01:01_DRB1*01:01,GELIGILNAAKVPAD,1
59,8cmg,DRA*01:01_DRB1*01:01,LDAYNMMISAGFSLW,1
60,3s5l,DRA*01:01_DRB1*01:01,PKYVKQNTLKLAT,1
61,1t5w,DRA*01:01_DRB1*01:01,AAYSDQATPLLLS,1
62,6cqr,DRA*01:01_DRB1*01:01,RFYKTLRAEQASQ,1
63,8cmh,DRA*01:01_DRB1*01:01,FNCYFPLRSYSFRP,1
64,1kg0,DRA*01:01_DRB1*01:01,PKYVKQNTLKLAT,1
65,1lo5,DRA*01:01_DRB1*01:01,PKYVKQNTLKLAT,1
66,4ah2,DRA*01:01_DRB1*01:01,MKMRMATPLLMQAL,1
67,8cme,DRA*01:01_DRB1*01:01,LSYYKLGASQRVAGD,1
68,8cmf,DRA*01:01_DRB1*01:01,KSAFYILPSIISNEK,1
69,8pje,DRA*01:01_DRB1*01:01,PKYVKQNTLKLAT,1
70,4ov5,DRA*01:01_DRB1*01:01,GSDARFLRGYHLYA,1
71,1r5i,DRA*01:01_DRB1*01:01,PKYVKQNTLKLAT,1
72,2oje,DRA*01:01_DRB1*01:01,PKYVKQNTLKLAT,1
73,3pgc,DRA*01:01_DRB1*01:01,KMRMATPLLMQALPM,1
74,6hby,DRA*01:01_DRB1*01:01,ARRPPLAELAALNLSGSRL,1
75,8pjg,DRA*01:01_DRB1*01:01,PKYVKQNTLKLAR,1
76,3pgd,DRA*01:01_DRB1*01:01,KMRMATPLLMQALPM,1
77,2icw,DRA*01:01_DRB1*01:01,PKYVKQNTLKLAT,1
78,1fyt,DRA*01:01_DRB1*01:01,PKYVKQNTLKLAT,1
79,1klg,DRA*01:01_DRB1*01:01,GELIGILNAAKVPAD,1
80,1jwu,DRA*01:01_DRB1*01:01,PKYVKQNTLKLAT,1
81,1jwm,DRA*01:01_DRB1*01:01,PKYVKQNTLKLAT,1
82,8cmc,DRA*01:01_DRB1*01:01,VLSFELLHAPATVC,1
83,2fse,DRA*01:01_DRB1*01:01,AGFKGEQGPKGEPG,1
84,2iam,DRA*01:01_DRB1*01:01,GELIGILNAAKVPAD,1
85,2ian,DRA*01:01_DRB1*01:01,GELIGTLNAAKVPAD,1
86,1klu,DRA*01:01_DRB1*01:01,GELIGTLNAAKVPAD,1
87,3s4s,DRA*01:01_DRB1*01:01,PKYVKQNTLKLAT,1
88,1t5x,DRA*01:01_DRB1*01:01,AAYSDQATPLLLS,1
89,4x5w,DRA*01:01_DRB1*01:01,VSKWRMATPLLMQAL,1
90,6cqj,DRA*01:01_DRB1*01:01,RFYKTLRAEQASQ,1
91,3pdo,DRA*01:01_DRB1*01:01,PVSKMRMATPLLMQALP,1
92,4c56,DRA*01:01_DRB1*01:01,PKYVKQNTLKLAT,1
93,8cmi,DRA*01:01_DRB1*01:01,TQLKRALTGIAVEQD,1
94,8cmb,DRA*01:01_DRB1*01:01,FNCYFPLQSYGFQP,1
95,7n19,DRA*01:01_DRB1*03:01,GGIGSDNKVTRRG,1
96,1a6a,DRA*01:01_DRB1*03:01,PVSKMRMATPLLMQA,1
97,4is6,DRA*01:01_DRB1*04:01,RQLYPEWTEAQRL,1
98,5ni9,DRA*01:01_DRB1*04:01,KRIAKAVNEKSCNC,1
99,6nix,DRA*01:01_DRB1*04:01,AGFKGEQGPKGEP,1
100,4y1a,DRA*01:01_DRB1*04:01,LQPLALEGSLQKRG,1
101,3o6f,DRA*01:01_DRB1*04:01,FSWGAEGQRPGFGSGG,1
102,3t0e,DRA*01:01_DRB1*04:01,FSWGAEGQRPGFGSGG,1
103,8euq,DRA*01:01_DRB1*04:01,APKYVKQNTLKLATSGGSGS,1
104,4y19,DRA*01:01_DRB1*04:01,QPLALEGSLQKRG,1
105,5lax,DRA*01:01_DRB1*04:01,SKGLFRAAVPSGAS,1
106,9b7b,DRA*01:01_DRB1*04:01,APKYVKQNTLKLATS,1
107,2seb,DRA*01:01_DRB1*04:01,AYMRADAAAGGA,1
108,7yxb,DRA*01:01_DRB1*04:01,VSKMRMATPLLMQAG,1
109,1j8h,DRA*01:01_DRB1*04:01,PKYVKQNTLKLAT,1
110,4mdj,DRA*01:01_DRB1*04:02,SAVRLRSSVPGVR,1
111,6biy,DRA*01:01_DRB1*04:04,DIFERIASEASRL,1
112,7z0q,DRA*01:01_DRB1*07:01,SKMRMATPLLMQAG,1
113,6cpn,DRA*01:01_DRB1*11:01,RFYKTLRAEQASQ,1
114,6cqn,DRA*01:01_DRB1*11:01,RFYKTLRAEQASQ,1
115,6cql,DRA*01:01_DRB1*11:01,RFYKTLRAEQASQ,1
116,6cpl,DRA*01:01_DRB1*11:01,VDRFYKTLRAEQASQE,1
117,1ymm,DRA*01:01_DRB1*15:01,ENPVVHFFKNIVTP,1
118,2wbj,DRA*01:01_DRB1*15:01,RVHFISALHGS,1
119,5v4m,DRA*01:01_DRB1*15:01,GWISLWKGFSF,1
120,1bx2,DRA*01:01_DRB1*15:01,ENPVVHFFKNIVTP,1
121,1hqr,DRA*01:01_DRB5*01:01,VHFFKNIVTP,1
122,1h15,DRA*01:01_DRB5*01:01,GGVYHFVKKHVHES,1
123,1zgl,DRA*01:01_DRB5*01:01,VHFFKNIVTPRTPG,1
124,1fv1,DRA*01:01_DRB5*01:01,NPVVHFFKNIVTPRTPPPSQ,1
